{"A":{"0":-0.5878142956,"1":1.7532322739,"2":-0.2586337244,"3":-0.4182973741,"4":0.7254015274,"5":-1.2338505476,"6":1.0385647492,"7":1.7455706421,"8":-0.3461916244,"9":-0.9109760712},"B":{"0":-1.8269314102,"1":-0.2355501117,"2":0.0830140015,"3":1.1679108784,"4":0.7760980772,"5":-0.5032436744,"6":1.420763848,"7":0.563352606,"8":1.7442374467,"9":0.7462817537},"C":{"0":-1.5430921225,"1":2.6412832124,"2":-1.349499121,"3":-0.0037502697,"4":0.8744637363,"5":1.1357709714,"6":-0.8808560726,"7":1.0546815583,"8":0.2577746144,"9":-0.3952159211},"D":{"0":0.584127484,"1":-0.4678492383,"2":0.9538553329,"3":0.4766190235,"4":1.3066499991,"5":0.0797759267,"6":0.9900689975,"7":1.3797127086,"8":-1.5202932395,"9":0.051313819},"E":{"0":1.5911830448,"1":0.4326035495,"2":-0.3304371115,"3":0.3291017635,"4":1.2422292911,"5":0.8543332039,"6":0.2995571768,"7":0.8315370181,"8":1.2926048254,"9":-1.2168067388}}